degisken,H_gozlenen,p_perm
ndvi,319.7805196657676,0.001
ndbi,195.59003396611863,0.001
glcm_contrast,952.8164948028935,0.001
glcm_homogeneity,1281.059611757415,0.001
