yontem,H,df,p,effsize,magnitude
nearest,196.55905944093738,7,6.143254570591245e-39,0.07708786475841292,moderate
bilinear,207.96638482184517,7,2.3548902122615523e-41,0.08172687467338152,moderate
